"neighbourhood","amenities"
"Buttes-Montmartre","Heating"
"Buttes-Montmartre","Kitchen"
"Buttes-Montmartre","Washer"
"Buttes-Montmartre","Wifi"
"Buttes-Montmartre","Long term stays allowed"
"Buttes-Montmartre","Shampoo"
"Buttes-Montmartre","Heating"
"Buttes-Montmartre","Kitchen"
"Buttes-Montmartre","Essentials"
"Buttes-Montmartre","Washer"
"Buttes-Montmartre","Dryer"
"Buttes-Montmartre","Wifi"
"Buttes-Montmartre","Long term stays allowed"
"Elysee","Heating"
"Elysee","TV"
"Elysee","Kitchen"
"Elysee","Washer"
"Elysee","Wifi"
"Elysee","Long term stays allowed"
"Vaugirard","Heating"
"Vaugirard","TV"
"Vaugirard","Kitchen"
"Vaugirard","Wifi"
"Vaugirard","Long term stays allowed"
"Passy","Heating"
"Passy","TV"
"Passy","Kitchen"
"Passy","Essentials"
"Passy","Hair dryer"
"Passy","Washer"
"Passy","Dryer"
"Passy","Bathtub"
"Passy","Wifi"
"Passy","Elevator"
"Passy","Long term stays allowed"
"Passy","Cable TV"
"Temple","Heating"
"Temple","TV"
"Temple","Kitchen"
"Temple","Essentials"
"Temple","Washer"
"Temple","Smoke alarm"
"Temple","Wifi"
"Temple","Long term stays allowed"
"Temple","Cable TV"
"Popincourt","Shampoo"
"Popincourt","TV"
"Popincourt","Kitchen"
"Popincourt","Washer"
"Popincourt","Smoke alarm"
"Popincourt","Wifi"
"Popincourt","Fire extinguisher"
"Popincourt","Long term stays allowed"
"Popincourt","Heating"
"Popincourt","TV"
"Popincourt","Kitchen"
"Popincourt","Essentials"
"Popincourt","Washer"
"Popincourt","Dryer"
"Popincourt","Smoke alarm"
"Popincourt","Wifi"
"Popincourt","Long term stays allowed"
"Buttes-Chaumont","Paid parking off premises"
"Buttes-Chaumont","Shampoo"
"Buttes-Chaumont","Heating"
"Buttes-Chaumont","TV"
"Buttes-Chaumont","Iron"
"Buttes-Chaumont","Kitchen"
"Buttes-Chaumont","Hair dryer"
"Buttes-Chaumont","Essentials"
"Buttes-Chaumont","Washer"
"Buttes-Chaumont","Hot water"
"Buttes-Chaumont","Hangers"
"Buttes-Chaumont","Smoke alarm"
"Buttes-Chaumont","Wifi"
"Buttes-Chaumont","Long term stays allowed"
"Buttes-Chaumont","Dedicated workspace"
"Buttes-Chaumont","Host greets you"
"Buttes-Chaumont","Cable TV"
"Opera","Heating"
"Opera","TV"
"Opera","Iron"
"Opera","Kitchen"
"Opera","Essentials"
"Opera","Hair dryer"
"Opera","Washer"
"Opera","Hangers"
"Opera","Wifi"
"Opera","Elevator"
"Opera","Long term stays allowed"
"Opera","Dedicated workspace"
"Opera","Cable TV"
"Gobelins","Heating"
"Gobelins","Kitchen"
"Gobelins","Essentials"
"Gobelins","Washer"
"Gobelins","Carbon monoxide alarm"
"Gobelins","Smoke alarm"
"Gobelins","Wifi"
"Gobelins","Long term stays allowed"
"Gobelins","Cable TV"
"Hotel-de-Ville","Shampoo"
"Hotel-de-Ville","Heating"
"Hotel-de-Ville","TV"
"Hotel-de-Ville","Kitchen"
"Hotel-de-Ville","Essentials"
"Hotel-de-Ville","Washer"
"Hotel-de-Ville","Dryer"
"Hotel-de-Ville","Smoke alarm"
"Hotel-de-Ville","Wifi"
"Hotel-de-Ville","Long term stays allowed"
"Hotel-de-Ville","Cable TV"
"Pantheon","Heating"
"Pantheon","Iron"
"Pantheon","Kitchen"
"Pantheon","Essentials"
"Pantheon","Hair dryer"
"Pantheon","Hangers"
"Pantheon","Smoke alarm"
"Pantheon","Wifi"
"Pantheon","Long term stays allowed"
"Pantheon","Dedicated workspace"
"Enclos-St-Laurent","Dishwasher"
"Enclos-St-Laurent","Essentials"
"Enclos-St-Laurent","Stove"
"Enclos-St-Laurent","Hot water"
"Enclos-St-Laurent","Hangers"
"Enclos-St-Laurent","Smoke alarm"
"Enclos-St-Laurent","Wifi"
"Enclos-St-Laurent","Long term stays allowed"
"Enclos-St-Laurent","Dedicated workspace"
"Enclos-St-Laurent","TV"
"Enclos-St-Laurent","Iron"
"Enclos-St-Laurent","Dryer"
"Enclos-St-Laurent","Refrigerator"
"Enclos-St-Laurent","Oven"
"Enclos-St-Laurent","Dishes and silverware"
"Enclos-St-Laurent","Heating"
"Enclos-St-Laurent","Kitchen"
"Enclos-St-Laurent","Coffee maker"
"Enclos-St-Laurent","Washer"
"Enclos-St-Laurent","Cooking basics"
"Enclos-St-Laurent","Paid parking off premises"
"Enclos-St-Laurent","Garden or backyard"
"Enclos-St-Laurent","Bed linens"
"Enclos-St-Laurent","Carbon monoxide alarm"
"Enclos-St-Laurent","Cleaning before checkout"
"Enclos-St-Laurent","Elevator"
"Elysee","Heating"
"Elysee","TV"
"Elysee","Iron"
"Elysee","Kitchen"
"Elysee","Essentials"
"Elysee","Hair dryer"
"Elysee","Hangers"
"Elysee","Wifi"
"Elysee","Elevator"
"Elysee","Long term stays allowed"
"Popincourt","Heating"
"Popincourt","TV"
"Popincourt","Iron"
"Popincourt","Kitchen"
"Popincourt","Essentials"
"Popincourt","Hair dryer"
"Popincourt","Washer"
"Popincourt","Hangers"
"Popincourt","Smoke alarm"
"Popincourt","Wifi"
"Popincourt","Long term stays allowed"
"Popincourt","Dedicated workspace"
"Batignolles-Monceau","Heating"
"Batignolles-Monceau","TV"
"Batignolles-Monceau","Kitchen"
"Batignolles-Monceau","Essentials"
"Batignolles-Monceau","Hair dryer"
"Batignolles-Monceau","Washer"
"Batignolles-Monceau","Smoke alarm"
"Batignolles-Monceau","Wifi"
"Batignolles-Monceau","Long term stays allowed"
"Popincourt","Heating"
"Popincourt","TV"
"Popincourt","Iron"
"Popincourt","Kitchen"
"Popincourt","Essentials"
"Popincourt","Hair dryer"
"Popincourt","Washer"
"Popincourt","Smoke alarm"
"Popincourt","Wifi"
"Popincourt","Long term stays allowed"
"Popincourt","Dedicated workspace"
"Enclos-St-Laurent","Heating"
"Enclos-St-Laurent","Iron"
"Enclos-St-Laurent","Kitchen"
"Enclos-St-Laurent","Essentials"
"Enclos-St-Laurent","Smoke alarm"
"Enclos-St-Laurent","Wifi"
"Enclos-St-Laurent","Elevator"
"Enclos-St-Laurent","Long term stays allowed"
"Enclos-St-Laurent","Dedicated workspace"
"Gobelins","Heating"
"Gobelins","TV"
"Gobelins","Iron"
"Gobelins","Kitchen"
"Gobelins","Essentials"
"Gobelins","Hair dryer"
"Gobelins","Washer"
"Gobelins","Hangers"
"Gobelins","Smoke alarm"
"Gobelins","Wifi"
"Gobelins","Long term stays allowed"
"Batignolles-Monceau","Heating"
"Batignolles-Monceau","Iron"
"Batignolles-Monceau","Indoor fireplace"
"Batignolles-Monceau","Kitchen"
"Batignolles-Monceau","Essentials"
"Batignolles-Monceau","Hangers"
"Batignolles-Monceau","Smoke alarm"
"Batignolles-Monceau","Wifi"
"Batignolles-Monceau","Long term stays allowed"
"Batignolles-Monceau","Dedicated workspace"
"Opera","Heating"
"Opera","TV"
"Opera","Iron"
"Opera","Kitchen"
"Opera","Essentials"
"Opera","Washer"
"Opera","Dryer"
"Opera","Smoke alarm"
"Opera","Wifi"
"Opera","Long term stays allowed"
"Opera","Dedicated workspace"
"Opera","TV"
"Opera","Hair dryer"
"Opera","Iron"
"Opera","Hangers"
"Opera","Smoke alarm"
"Opera","Kitchen"
"Opera","Cable TV"
"Opera","Dedicated workspace"
"Opera","Heating"
"Opera","Long term stays allowed"
"Opera","Shampoo"
"Opera","Elevator"
"Opera","Essentials"
"Opera","Washer"
"Opera","Wifi"
"Luxembourg","Washer"
"Luxembourg","Elevator"
"Luxembourg","Wifi"
"Luxembourg","Kitchen"
"Luxembourg","Essentials"
"Luxembourg","Long term stays allowed"
"Luxembourg","TV"
"Temple","Iron"
"Temple","Shampoo"
"Temple","Heating"
"Temple","Washer"
"Temple","Hair dryer"
"Temple","Dedicated workspace"
"Temple","Smoke alarm"
"Temple","Cable TV"
"Temple","Wifi"
"Temple","Kitchen"
"Temple","Essentials"
"Temple","Hangers"
"Temple","Long term stays allowed"
"Temple","TV"
"Temple","Breakfast"
"Reuilly","Shampoo"
"Reuilly","Heating"
"Reuilly","Washer"
"Reuilly","Dryer"
"Reuilly","Dedicated workspace"
"Reuilly","Smoke alarm"
"Reuilly","Wifi"
"Reuilly","Kitchen"
"Reuilly","Elevator"
"Reuilly","Essentials"
"Reuilly","Hangers"
"Reuilly","Long term stays allowed"
"Reuilly","TV"
"Batignolles-Monceau","Shampoo"
"Batignolles-Monceau","Heating"
"Batignolles-Monceau","Washer"
"Batignolles-Monceau","Wifi"
"Batignolles-Monceau","Kitchen"
"Batignolles-Monceau","Essentials"
"Batignolles-Monceau","Hangers"
"Batignolles-Monceau","Long term stays allowed"
"Batignolles-Monceau","TV"
"Enclos-St-Laurent","Iron"
"Enclos-St-Laurent","Shampoo"
"Enclos-St-Laurent","Heating"
"Enclos-St-Laurent","Washer"
"Enclos-St-Laurent","Hair dryer"
"Enclos-St-Laurent","Dedicated workspace"
"Enclos-St-Laurent","Smoke alarm"
"Enclos-St-Laurent","Wifi"
"Enclos-St-Laurent","Kitchen"
"Enclos-St-Laurent","Essentials"
"Enclos-St-Laurent","Hangers"
"Enclos-St-Laurent","Long term stays allowed"
"Enclos-St-Laurent","TV"
"Enclos-St-Laurent","Carbon monoxide alarm"
"Buttes-Montmartre","Iron"
"Buttes-Montmartre","Heating"
"Buttes-Montmartre","Washer"
"Buttes-Montmartre","Elevator"
"Buttes-Montmartre","Hair dryer"
"Buttes-Montmartre","Wifi"
"Buttes-Montmartre","Kitchen"
"Buttes-Montmartre","Essentials"
"Buttes-Montmartre","Long term stays allowed"
"Buttes-Montmartre","Hangers"
"Buttes-Montmartre","Iron"
"Buttes-Montmartre","Shampoo"
"Buttes-Montmartre","Heating"
"Buttes-Montmartre","Washer"
"Buttes-Montmartre","Hair dryer"
"Buttes-Montmartre","Dryer"
"Buttes-Montmartre","Smoke alarm"
"Buttes-Montmartre","Wifi"
"Buttes-Montmartre","Dedicated workspace"
"Buttes-Montmartre","Kitchen"
"Buttes-Montmartre","Breakfast"
"Buttes-Montmartre","First aid kit"
"Buttes-Montmartre","Essentials"
"Buttes-Montmartre","Hangers"
"Buttes-Montmartre","Long term stays allowed"
"Buttes-Montmartre","Carbon monoxide alarm"
"Vaugirard","Iron"
"Vaugirard","Shampoo"
"Vaugirard","Heating"
"Vaugirard","Hair dryer"
"Vaugirard","Wifi"
"Vaugirard","Kitchen"
"Vaugirard","Essentials"
"Vaugirard","Long term stays allowed"
"Vaugirard","TV"
"Vaugirard","Breakfast"
"Luxembourg","Iron"
"Luxembourg","Heating"
"Luxembourg","Hair dryer"
"Luxembourg","Bathtub"
"Luxembourg","Wifi"
"Luxembourg","Dedicated workspace"
"Luxembourg","Kitchen"
"Luxembourg","Hot water"
"Luxembourg","Hangers"
"Luxembourg","Essentials"
"Luxembourg","Air conditioning"
"Luxembourg","Host greets you"
"Luxembourg","Long term stays allowed"
"Luxembourg","Luggage dropoff allowed"
"Temple","Iron"
"Temple","Shampoo"
"Temple","Heating"
"Temple","Washer"
"Temple","Hair dryer"
"Temple","Dedicated workspace"
"Temple","Smoke alarm"
"Temple","Cable TV"
"Temple","Wifi"
"Temple","Kitchen"
"Temple","Fire extinguisher"
"Temple","Essentials"
"Temple","Hangers"
"Temple","Long term stays allowed"
"Temple","TV"
"Gobelins","Heating"
"Gobelins","Hair dryer"
"Gobelins","Smoke alarm"
"Gobelins","Wifi"
"Gobelins","Kitchen"
"Gobelins","Dishes and silverware"
"Gobelins","Refrigerator"
"Gobelins","Cooking basics"
"Gobelins","Essentials"
"Gobelins","Long term stays allowed"
"Gobelins","Dishwasher"
"Gobelins","TV"
"Gobelins","Coffee maker"
"Gobelins","Microwave"
"Pantheon","Shampoo"
"Pantheon","Heating"
"Pantheon","Dedicated workspace"
"Pantheon","Smoke alarm"
"Pantheon","Wifi"
"Pantheon","Kitchen"
"Pantheon","Hot water"
"Pantheon","Hangers"
"Pantheon","Essentials"
"Pantheon","Host greets you"
"Pantheon","Long term stays allowed"
"Pantheon","Carbon monoxide alarm"
"Vaugirard","Iron"
"Vaugirard","Heating"
"Vaugirard","Washer"
"Vaugirard","Elevator"
"Vaugirard","Smoke alarm"
"Vaugirard","Wifi"
"Vaugirard","Kitchen"
"Vaugirard","Long term stays allowed"
"Vaugirard","Hangers"
"Vaugirard","TV"
"Opera","Iron"
"Opera","Shampoo"
"Opera","Heating"
"Opera","Washer"
"Opera","Elevator"
"Opera","Wifi"
"Opera","Kitchen"
"Opera","Essentials"
"Opera","Air conditioning"
"Opera","Long term stays allowed"
"Opera","TV"
"Opera","Breakfast"
"Pantheon","Iron"
"Pantheon","Heating"
"Pantheon","Hair dryer"
"Pantheon","Dedicated workspace"
"Pantheon","Wifi"
"Pantheon","Kitchen"
"Pantheon","Essentials"
"Pantheon","Hangers"
"Pantheon","Long term stays allowed"
"Pantheon","Breakfast"
"Passy","Elevator"
"Passy","Hangers"
"Passy","Luggage dropoff allowed"
"Passy","Stove"
"Passy","Coffee maker"
"Passy","Iron"
"Passy","Dryer"
"Passy","Dedicated workspace"
"Passy","First aid kit"
"Passy","Essentials"
"Passy","TV"
"Passy","Shampoo"
"Passy","Heating"
"Passy","Washer"
"Passy","Cable TV"
"Passy","Kitchen"
"Passy","Refrigerator"
"Passy","Cooking basics"
"Passy","Hot water"
"Passy","Oven"
"Passy","Hair dryer"
"Passy","Wifi"
"Passy","Long term stays allowed"
"Passy","Host greets you"
"Passy","Microwave"
"Popincourt","Single level home"
"Popincourt","Dishes and silverware"
"Popincourt","Hangers"
"Popincourt","Luggage dropoff allowed"
"Popincourt","Stove"
"Popincourt","Coffee maker"
"Popincourt","Essentials"
"Popincourt","Dishwasher"
"Popincourt","TV"
"Popincourt","Shampoo"
"Popincourt","Heating"
"Popincourt","Washer"
"Popincourt","Cable TV"
"Popincourt","Kitchen"
"Popincourt","Refrigerator"
"Popincourt","Cooking basics"
"Popincourt","Hot water"
"Popincourt","Oven"
"Popincourt","Hair dryer"
"Popincourt","Wifi"
"Popincourt","Long term stays allowed"
"Popincourt","Iron"
"Popincourt","Heating"
"Popincourt","Washer"
"Popincourt","Hair dryer"
"Popincourt","Dedicated workspace"
"Popincourt","Smoke alarm"
"Popincourt","Wifi"
"Popincourt","Kitchen"
"Popincourt","Essentials"
"Popincourt","Hangers"
"Popincourt","Long term stays allowed"
"Menilmontant","Heating"
"Menilmontant","Washer"
"Menilmontant","Hair dryer"
"Menilmontant","Elevator"
"Menilmontant","Wifi"
"Menilmontant","Kitchen"
"Menilmontant","Long term stays allowed"
"Enclos-St-Laurent","TV"
"Enclos-St-Laurent","Hair dryer"
"Enclos-St-Laurent","Kitchen"
"Enclos-St-Laurent","Smoke alarm"
"Enclos-St-Laurent","Long term stays allowed"
"Enclos-St-Laurent","Elevator"
"Enclos-St-Laurent","Essentials"
"Enclos-St-Laurent","Heating"
"Enclos-St-Laurent","Washer"
"Enclos-St-Laurent","Wifi"
"Buttes-Montmartre","Iron"
"Buttes-Montmartre","Heating"
"Buttes-Montmartre","Washer"
"Buttes-Montmartre","Hair dryer"
"Buttes-Montmartre","Dedicated workspace"
"Buttes-Montmartre","Smoke alarm"
"Buttes-Montmartre","Wifi"
"Buttes-Montmartre","Kitchen"
"Buttes-Montmartre","Elevator"
"Buttes-Montmartre","Breakfast"
"Buttes-Montmartre","Essentials"
"Buttes-Montmartre","Hangers"
"Buttes-Montmartre","Long term stays allowed"
"Buttes-Montmartre","TV"
"Buttes-Montmartre","Carbon monoxide alarm"
"Popincourt","Patio or balcony"
"Popincourt","Dishes and silverware"
"Popincourt","Hangers"
"Popincourt","Stove"
"Popincourt","Coffee maker"
"Popincourt","Breakfast"
"Popincourt","Iron"
"Popincourt","Dryer"
"Popincourt","Dedicated workspace"
"Popincourt","Essentials"
"Popincourt","Bed linens"
"Popincourt","Dishwasher"
"Popincourt","Paid parking off premises"
"Popincourt","Shampoo"
"Popincourt","Heating"
"Popincourt","Washer"
"Popincourt","Extra pillows and blankets"
"Popincourt","Kitchen"
"Popincourt","Refrigerator"
"Popincourt","Cooking basics"
"Popincourt","Hot water"
"Popincourt","Oven"
"Popincourt","Hair dryer"
"Popincourt","Indoor fireplace"
"Popincourt","Wifi"
"Popincourt","Long term stays allowed"
"Popincourt","Host greets you"
"Batignolles-Monceau","Iron"
"Batignolles-Monceau","Shampoo"
"Batignolles-Monceau","Heating"
"Batignolles-Monceau","Washer"
"Batignolles-Monceau","Hair dryer"
"Batignolles-Monceau","Dedicated workspace"
"Batignolles-Monceau","Smoke alarm"
"Batignolles-Monceau","Wifi"
"Batignolles-Monceau","Kitchen"
"Batignolles-Monceau","Essentials"
"Batignolles-Monceau","Private entrance"
"Batignolles-Monceau","Long term stays allowed"
"Batignolles-Monceau","Cleaning before checkout"
"Batignolles-Monceau","TV"
"Pantheon","Iron"
"Pantheon","Oven"
"Pantheon","Heating"
"Pantheon","Washer"
"Pantheon","Hair dryer"
"Pantheon","Elevator"
"Pantheon","Smoke alarm"
"Pantheon","Wifi"
"Pantheon","Kitchen"
"Pantheon","Refrigerator"
"Pantheon","Cooking basics"
"Pantheon","Essentials"
"Pantheon","Private entrance"
"Pantheon","Long term stays allowed"
"Pantheon","Dishwasher"
"Pantheon","TV"
"Pantheon","Stove"
"Popincourt","Patio or balcony"
"Popincourt","Single level home"
"Popincourt","Dishes and silverware"
"Popincourt","Hangers"
"Popincourt","Stove"
"Popincourt","Coffee maker"
"Popincourt","Iron"
"Popincourt","Dedicated workspace"
"Popincourt","Smoke alarm"
"Popincourt","First aid kit"
"Popincourt","Essentials"
"Popincourt","Shampoo"
"Popincourt","Heating"
"Popincourt","Washer"
"Popincourt","Kitchen"
"Popincourt","Refrigerator"
"Popincourt","Cooking basics"
"Popincourt","Hot water"
"Popincourt","Oven"
"Popincourt","Hair dryer"
"Popincourt","Wifi"
"Popincourt","Long term stays allowed"
"Popincourt","Host greets you"
"Popincourt","Microwave"
"Vaugirard","TV"
"Vaugirard","Hair dryer"
"Vaugirard","Iron"
"Vaugirard","Hangers"
"Vaugirard","Kitchen"
"Vaugirard","Dedicated workspace"
"Vaugirard","Heating"
"Vaugirard","Long term stays allowed"
"Vaugirard","Shampoo"
"Vaugirard","Elevator"
"Vaugirard","Essentials"
"Vaugirard","Washer"
"Vaugirard","Wifi"
"Menilmontant","Iron"
"Menilmontant","Heating"
"Menilmontant","Washer"
"Menilmontant","Hair dryer"
"Menilmontant","Dedicated workspace"
"Menilmontant","Smoke alarm"
"Menilmontant","Wifi"
"Menilmontant","Kitchen"
"Menilmontant","Essentials"
"Menilmontant","Long term stays allowed"
"Menilmontant","TV"
"Buttes-Montmartre","Shampoo"
"Buttes-Montmartre","Heating"
"Buttes-Montmartre","Washer"
"Buttes-Montmartre","Hair dryer"
"Buttes-Montmartre","Dedicated workspace"
"Buttes-Montmartre","Wifi"
"Buttes-Montmartre","Kitchen"
"Buttes-Montmartre","First aid kit"
"Buttes-Montmartre","Essentials"
"Buttes-Montmartre","Long term stays allowed"
"Buttes-Montmartre","Host greets you"
"Buttes-Montmartre","TV"
"Buttes-Montmartre","Pocket wifi"
"Buttes-Montmartre","Dishwasher"
"Buttes-Montmartre","Essentials"
"Buttes-Montmartre","Stove"
"Buttes-Montmartre","Hot water"
"Buttes-Montmartre","Hangers"
"Buttes-Montmartre","Smoke alarm"
"Buttes-Montmartre","Wifi"
"Buttes-Montmartre","Luggage dropoff allowed"
"Buttes-Montmartre","Long term stays allowed"
"Buttes-Montmartre","Dedicated workspace"
"Buttes-Montmartre","Host greets you"
"Buttes-Montmartre","Iron"
"Buttes-Montmartre","Dryer"
"Buttes-Montmartre","Refrigerator"
"Buttes-Montmartre","Oven"
"Buttes-Montmartre","Dishes and silverware"
"Buttes-Montmartre","Ethernet connection"
"Buttes-Montmartre","Heating"
"Buttes-Montmartre","Kitchen"
"Buttes-Montmartre","Hair dryer"
"Buttes-Montmartre","Coffee maker"
"Buttes-Montmartre","Washer"
"Buttes-Montmartre","Breakfast"
"Buttes-Montmartre","Microwave"
"Buttes-Montmartre","Pack ’n Play/travel crib"
"Buttes-Montmartre","Cooking basics"
"Buttes-Montmartre","Paid parking off premises"
"Buttes-Montmartre","Single level home"
"Buttes-Montmartre","Shampoo"
"Buttes-Montmartre","Bed linens"
"Buttes-Montmartre","Carbon monoxide alarm"
"Observatoire","Iron"
"Observatoire","Heating"
"Observatoire","Washer"
"Observatoire","Elevator"
"Observatoire","Hair dryer"
"Observatoire","Wifi"
"Observatoire","Kitchen"
"Observatoire","Smoke alarm"
"Observatoire","Essentials"
"Observatoire","Long term stays allowed"
"Observatoire","Hangers"
"Observatoire","TV"
"Popincourt","Iron"
"Popincourt","Shampoo"
"Popincourt","Heating"
"Popincourt","Washer"
"Popincourt","Hair dryer"
"Popincourt","Dryer"
"Popincourt","Smoke alarm"
"Popincourt","Wifi"
"Popincourt","Kitchen"
"Popincourt","Hot water"
"Popincourt","Essentials"
"Popincourt","Hangers"
"Popincourt","Long term stays allowed"
"Popincourt","Host greets you"
"Popincourt","TV"
"Enclos-St-Laurent","Iron"
"Enclos-St-Laurent","Shampoo"
"Enclos-St-Laurent","Heating"
"Enclos-St-Laurent","Washer"
"Enclos-St-Laurent","Hair dryer"
"Enclos-St-Laurent","Dedicated workspace"
"Enclos-St-Laurent","Wifi"
"Enclos-St-Laurent","Kitchen"
"Enclos-St-Laurent","Hot water"
"Enclos-St-Laurent","Hangers"
"Enclos-St-Laurent","Essentials"
"Enclos-St-Laurent","Long term stays allowed"
"Enclos-St-Laurent","TV"
"Enclos-St-Laurent","Bathtub"
"Enclos-St-Laurent","Dishes and silverware"
"Enclos-St-Laurent","Hangers"
"Enclos-St-Laurent","Luggage dropoff allowed"
"Enclos-St-Laurent","Stove"
"Enclos-St-Laurent","Coffee maker"
"Enclos-St-Laurent","Iron"
"Enclos-St-Laurent","Dryer"
"Enclos-St-Laurent","Dedicated workspace"
"Enclos-St-Laurent","Smoke alarm"
"Enclos-St-Laurent","First aid kit"
"Enclos-St-Laurent","Essentials"
"Enclos-St-Laurent","Bed linens"
"Enclos-St-Laurent","Dishwasher"
"Enclos-St-Laurent","Shampoo"
"Enclos-St-Laurent","Heating"
"Enclos-St-Laurent","Washer"
"Enclos-St-Laurent","Kitchen"
"Enclos-St-Laurent","Refrigerator"
"Enclos-St-Laurent","Cooking basics"
"Enclos-St-Laurent","Fire extinguisher"
"Enclos-St-Laurent","Hot water"
"Enclos-St-Laurent","Oven"
"Enclos-St-Laurent","Hair dryer"
"Enclos-St-Laurent","Wifi"
"Enclos-St-Laurent","Long term stays allowed"
"Enclos-St-Laurent","Host greets you"
"Buttes-Montmartre","Iron"
"Buttes-Montmartre","Heating"
"Buttes-Montmartre","Washer"
"Buttes-Montmartre","Hair dryer"
"Buttes-Montmartre","Extra pillows and blankets"
"Buttes-Montmartre","Smoke alarm"
"Buttes-Montmartre","Wifi"
"Buttes-Montmartre","Dedicated workspace"
"Buttes-Montmartre","Kitchen"
"Buttes-Montmartre","Hot water"
"Buttes-Montmartre","Hangers"
"Buttes-Montmartre","Essentials"
"Buttes-Montmartre","Bed linens"
"Buttes-Montmartre","Long term stays allowed"
"Buttes-Montmartre","Host greets you"
"Menilmontant","TV"
"Menilmontant","Iron"
"Menilmontant","Kitchen"
"Menilmontant","Breakfast"
"Menilmontant","Private entrance"
"Menilmontant","Heating"
"Menilmontant","Long term stays allowed"
"Menilmontant","Shampoo"
"Menilmontant","Elevator"
"Menilmontant","Essentials"
"Menilmontant","Washer"
"Menilmontant","Wifi"
"Buttes-Chaumont","Shampoo"
"Buttes-Chaumont","Oven"
"Buttes-Chaumont","Lockbox"
"Buttes-Chaumont","Heating"
"Buttes-Chaumont","Washer"
"Buttes-Chaumont","Dedicated workspace"
"Buttes-Chaumont","Extra pillows and blankets"
"Buttes-Chaumont","Smoke alarm"
"Buttes-Chaumont","Dishes and silverware"
"Buttes-Chaumont","Kitchen"
"Buttes-Chaumont","Refrigerator"
"Buttes-Chaumont","Cooking basics"
"Buttes-Chaumont","Free street parking"
"Buttes-Chaumont","Hot water"
"Buttes-Chaumont","Hangers"
"Buttes-Chaumont","Essentials"
"Buttes-Chaumont","Bed linens"
"Buttes-Chaumont","Long term stays allowed"
"Buttes-Chaumont","Dishwasher"
"Buttes-Chaumont","Stove"
"Popincourt","Kitchen"
"Popincourt","Hair dryer"
"Popincourt","Hangers"
"Popincourt","Smoke alarm"
"Popincourt","Long term stays allowed"
"Popincourt","Heating"
"Popincourt","Washer"
"Popincourt","Wifi"
"Buttes-Montmartre","Kitchen"
"Buttes-Montmartre","Hair dryer"
"Buttes-Montmartre","Iron"
"Buttes-Montmartre","Smoke alarm"
"Buttes-Montmartre","Free street parking"
"Buttes-Montmartre","Heating"
"Buttes-Montmartre","Long term stays allowed"
"Buttes-Montmartre","Shampoo"
"Buttes-Montmartre","Essentials"
"Buttes-Montmartre","Washer"
"Buttes-Montmartre","Wifi"
"Popincourt","Essentials"
"Popincourt","Stove"
"Popincourt","Hot water"
"Popincourt","Hangers"
"Popincourt","Wifi"
"Popincourt","Long term stays allowed"
"Popincourt","Pour-over coffee"
"Popincourt","Refrigerator"
"Popincourt","Oven"
"Popincourt","Dishes and silverware"
"Popincourt","Cleaning products"
"Popincourt","Clothing storage: closet"
"Popincourt","Private entrance"
"Popincourt","Hot water kettle"
"Popincourt","Heating"
"Popincourt","Freezer"
"Popincourt","Kitchen"
"Popincourt","Hair dryer"
"Popincourt","Washer"
"Popincourt","Microwave"
"Popincourt","Cooking basics"
"Popincourt","Drying rack for clothing"
"Popincourt","Shampoo"
"Popincourt","Laundromat nearby"
"Popincourt","Shower gel"
"Popincourt","Bed linens"
"Reuilly","Iron"
"Reuilly","Shampoo"
"Reuilly","Heating"
"Reuilly","Washer"
"Reuilly","Dedicated workspace"
"Reuilly","Hair dryer"
"Reuilly","Wifi"
"Reuilly","Kitchen"
"Reuilly","Smoke alarm"
"Reuilly","Essentials"
"Reuilly","Hot water"
"Reuilly","Long term stays allowed"
"Reuilly","Breakfast"
"Opera","Kitchen"
"Opera","Coffee maker"
"Opera","Hangers"
"Opera","Oven"
"Opera","Long term stays allowed"
"Opera","Iron"
"Opera","Smoke alarm"
"Opera","Cable TV"
"Opera","Hot water"
"Opera","Refrigerator"
"Opera","Stove"
"Opera","Essentials"
"Opera","TV"
"Opera","Dishwasher"
"Opera","Breakfast"
"Opera","Dishes and silverware"
"Opera","Hair dryer"
"Opera","Shampoo"
"Opera","Heating"
"Opera","Cooking basics"
"Opera","Microwave"
"Opera","Wifi"
"Popincourt","Iron"
"Popincourt","Shampoo"
"Popincourt","Heating"
"Popincourt","Washer"
"Popincourt","Hair dryer"
"Popincourt","Breakfast"
"Popincourt","Wifi"
"Popincourt","Kitchen"
"Popincourt","Dishes and silverware"
"Popincourt","Cooking basics"
"Popincourt","Hot water"
"Popincourt","Essentials"
"Popincourt","Host greets you"
"Popincourt","Long term stays allowed"
"Popincourt","TV"
"Popincourt","Stove"
"Popincourt","Coffee maker"
"Enclos-St-Laurent","Oven"
"Enclos-St-Laurent","Lockbox"
"Enclos-St-Laurent","Heating"
"Enclos-St-Laurent","Washer"
"Enclos-St-Laurent","Dryer"
"Enclos-St-Laurent","Wifi"
"Enclos-St-Laurent","Kitchen"
"Enclos-St-Laurent","Dishes and silverware"
"Enclos-St-Laurent","Refrigerator"
"Enclos-St-Laurent","Cooking basics"
"Enclos-St-Laurent","Essentials"
"Enclos-St-Laurent","Long term stays allowed"
"Enclos-St-Laurent","Dishwasher"
"Enclos-St-Laurent","Stove"
"Enclos-St-Laurent","Coffee maker"
"Enclos-St-Laurent","Microwave"
"Menilmontant","Shampoo"
"Menilmontant","First aid kit"
"Menilmontant","Heating"
"Menilmontant","TV"
"Menilmontant","Iron"
"Menilmontant","Indoor fireplace"
"Menilmontant","Kitchen"
"Menilmontant","Hair dryer"
"Menilmontant","Essentials"
"Menilmontant","Washer"
"Menilmontant","Breakfast"
"Menilmontant","Hangers"
"Menilmontant","Smoke alarm"
"Menilmontant","Wifi"
"Menilmontant","Long term stays allowed"
"Popincourt","Dishes and silverware"
"Popincourt","Hangers"
"Popincourt","Stove"
"Popincourt","Coffee maker"
"Popincourt","Iron"
"Popincourt","Dryer"
"Popincourt","Dedicated workspace"
"Popincourt","Essentials"
"Popincourt","Private entrance"
"Popincourt","Bed linens"
"Popincourt","Dishwasher"
"Popincourt","Paid parking off premises"
"Popincourt","Shampoo"
"Popincourt","Heating"
"Popincourt","Washer"
"Popincourt","Kitchen"
"Popincourt","Refrigerator"
"Popincourt","Cooking basics"
"Popincourt","Hot water"
"Popincourt","Oven"
"Popincourt","Hair dryer"
"Popincourt","Wifi"
"Popincourt","Long term stays allowed"
"Batignolles-Monceau","Heating"
"Batignolles-Monceau","Iron"
"Batignolles-Monceau","Kitchen"
"Batignolles-Monceau","Essentials"
"Batignolles-Monceau","Washer"
"Batignolles-Monceau","Hangers"
"Batignolles-Monceau","Wifi"
"Batignolles-Monceau","Elevator"
"Batignolles-Monceau","Long term stays allowed"
"Batignolles-Monceau","Heating"
"Batignolles-Monceau","Washer"
"Batignolles-Monceau","Dedicated workspace"
"Batignolles-Monceau","Elevator"
"Batignolles-Monceau","Wifi"
"Batignolles-Monceau","Kitchen"
"Batignolles-Monceau","Dishes and silverware"
"Batignolles-Monceau","Refrigerator"
"Batignolles-Monceau","Essentials"
"Batignolles-Monceau","Hangers"
"Batignolles-Monceau","Long term stays allowed"
"Batignolles-Monceau","Coffee maker"
"Palais-Bourbon","Dishes and silverware"
"Palais-Bourbon","Hangers"
"Palais-Bourbon","Stove"
"Palais-Bourbon","Coffee maker"
"Palais-Bourbon","Carbon monoxide alarm"
"Palais-Bourbon","Dedicated workspace"
"Palais-Bourbon","Smoke alarm"
"Palais-Bourbon","Essentials"
"Palais-Bourbon","Dishwasher"
"Palais-Bourbon","TV"
"Palais-Bourbon","Shampoo"
"Palais-Bourbon","Heating"
"Palais-Bourbon","Washer"
"Palais-Bourbon","Kitchen"
"Palais-Bourbon","Refrigerator"
"Palais-Bourbon","Cooking basics"
"Palais-Bourbon","Hot water"
"Palais-Bourbon","Oven"
"Palais-Bourbon","Hair dryer"
"Palais-Bourbon","Wifi"
"Palais-Bourbon","Long term stays allowed"
"Palais-Bourbon","Microwave"
"Enclos-St-Laurent","Shampoo"
"Enclos-St-Laurent","Dishes and silverware"
"Enclos-St-Laurent","Oven"
"Enclos-St-Laurent","Heating"
"Enclos-St-Laurent","Iron"
"Enclos-St-Laurent","Kitchen"
"Enclos-St-Laurent","Hair dryer"
"Enclos-St-Laurent","Essentials"
"Enclos-St-Laurent","Washer"
"Enclos-St-Laurent","Bed linens"
"Enclos-St-Laurent","Carbon monoxide alarm"
"Enclos-St-Laurent","Hot water"
"Enclos-St-Laurent","Hangers"
"Enclos-St-Laurent","Smoke alarm"
"Enclos-St-Laurent","Refrigerator"
"Enclos-St-Laurent","Microwave"
"Enclos-St-Laurent","Cooking basics"
"Enclos-St-Laurent","Stove"
"Enclos-St-Laurent","Long term stays allowed"
"Enclos-St-Laurent","Dedicated workspace"
"Batignolles-Monceau","Heating"
"Batignolles-Monceau","TV"
"Batignolles-Monceau","Iron"
"Batignolles-Monceau","Kitchen"
"Batignolles-Monceau","Hair dryer"
"Batignolles-Monceau","Essentials"
"Batignolles-Monceau","Washer"
"Batignolles-Monceau","Hot water"
"Batignolles-Monceau","Hangers"
"Batignolles-Monceau","Smoke alarm"
"Batignolles-Monceau","Wifi"
"Batignolles-Monceau","Dishes and silverware"
"Batignolles-Monceau","Long term stays allowed"
"Batignolles-Monceau","Dedicated workspace"
"Batignolles-Monceau","Host greets you"
"Reuilly","Shampoo"
"Reuilly","Heating"
"Reuilly","Washer"
"Reuilly","Dedicated workspace"
"Reuilly","Wifi"
"Reuilly","Kitchen"
"Reuilly","First aid kit"
"Reuilly","Essentials"
"Reuilly","Hangers"
"Reuilly","Long term stays allowed"
"Reuilly","Breakfast"
"Buttes-Montmartre","Shampoo"
"Buttes-Montmartre","Heating"
"Buttes-Montmartre","Iron"
"Buttes-Montmartre","Kitchen"
"Buttes-Montmartre","Essentials"
"Buttes-Montmartre","Hair dryer"
"Buttes-Montmartre","Washer"
"Buttes-Montmartre","Carbon monoxide alarm"
"Buttes-Montmartre","Smoke alarm"
"Buttes-Montmartre","Wifi"
"Buttes-Montmartre","Elevator"
"Buttes-Montmartre","Long term stays allowed"
"Buttes-Montmartre","Patio or balcony"
"Buttes-Montmartre","Elevator"
"Buttes-Montmartre","Dishes and silverware"
"Buttes-Montmartre","Hangers"
"Buttes-Montmartre","Stove"
"Buttes-Montmartre","Coffee maker"
"Buttes-Montmartre","Breakfast"
"Buttes-Montmartre","Iron"
"Buttes-Montmartre","Dedicated workspace"
"Buttes-Montmartre","Essentials"
"Buttes-Montmartre","Dishwasher"
"Buttes-Montmartre","TV"
"Buttes-Montmartre","Shampoo"
"Buttes-Montmartre","Heating"
"Buttes-Montmartre","Washer"
"Buttes-Montmartre","Kitchen"
"Buttes-Montmartre","Refrigerator"
"Buttes-Montmartre","Cooking basics"
"Buttes-Montmartre","Hot water"
"Buttes-Montmartre","Oven"
"Buttes-Montmartre","Hair dryer"
"Buttes-Montmartre","Wifi"
"Buttes-Montmartre","Long term stays allowed"
"Buttes-Montmartre","Host greets you"
"Buttes-Montmartre","Iron"
"Buttes-Montmartre","Shampoo"
"Buttes-Montmartre","Heating"
"Buttes-Montmartre","Washer"
"Buttes-Montmartre","Hair dryer"
"Buttes-Montmartre","Dedicated workspace"
"Buttes-Montmartre","Smoke alarm"
"Buttes-Montmartre","Wifi"
"Buttes-Montmartre","Kitchen"
"Buttes-Montmartre","Hot water"
"Buttes-Montmartre","Essentials"
"Buttes-Montmartre","Long term stays allowed"
"Buttes-Montmartre","Host greets you"
"Buttes-Montmartre","Carbon monoxide alarm"
"Buttes-Montmartre","Dishwasher"
"Buttes-Montmartre","Essentials"
"Buttes-Montmartre","Stove"
"Buttes-Montmartre","Hot water"
"Buttes-Montmartre","Hangers"
"Buttes-Montmartre","Smoke alarm"
"Buttes-Montmartre","Wifi"
"Buttes-Montmartre","Long term stays allowed"
"Buttes-Montmartre","Dedicated workspace"
"Buttes-Montmartre","Iron"
"Buttes-Montmartre","Dryer"
"Buttes-Montmartre","Refrigerator"
"Buttes-Montmartre","Oven"
"Buttes-Montmartre","Dishes and silverware"
"Buttes-Montmartre","Private entrance"
"Buttes-Montmartre","Free street parking"
"Buttes-Montmartre","Heating"
"Buttes-Montmartre","Kitchen"
"Buttes-Montmartre","Hair dryer"
"Buttes-Montmartre","Breakfast"
"Buttes-Montmartre","Washer"
"Buttes-Montmartre","Cooking basics"
"Buttes-Montmartre","Shampoo"
"Menilmontant","Iron"
"Menilmontant","Shampoo"
"Menilmontant","Heating"
"Menilmontant","Washer"
"Menilmontant","Hair dryer"
"Menilmontant","Smoke alarm"
"Menilmontant","Wifi"
"Menilmontant","Kitchen"
"Menilmontant","Essentials"
"Menilmontant","Long term stays allowed"
"Bourse","Dishes and silverware"
"Bourse","Coffee maker"
"Bourse","Iron"
"Bourse","Dedicated workspace"
"Bourse","Smoke alarm"
"Bourse","Essentials"
"Bourse","Bed linens"
"Bourse","Dishwasher"
"Bourse","TV"
"Bourse","Shampoo"
"Bourse","Heating"
"Bourse","Washer"
"Bourse","Kitchen"
"Bourse","Refrigerator"
"Bourse","Cooking basics"
"Bourse","Hot water"
"Bourse","Oven"
"Bourse","Hair dryer"
"Bourse","Wifi"
"Bourse","Long term stays allowed"
"Bourse","Microwave"
"Enclos-St-Laurent","TV"
"Enclos-St-Laurent","Kitchen"
"Enclos-St-Laurent","Lockbox"
"Enclos-St-Laurent","Smoke alarm"
"Enclos-St-Laurent","Dishwasher"
"Enclos-St-Laurent","Cooking basics"
"Enclos-St-Laurent","Hot water"
"Enclos-St-Laurent","Heating"
"Enclos-St-Laurent","Refrigerator"
"Enclos-St-Laurent","Long term stays allowed"
"Enclos-St-Laurent","Stove"
"Enclos-St-Laurent","Essentials"
"Enclos-St-Laurent","Dishes and silverware"
"Enclos-St-Laurent","Washer"
"Enclos-St-Laurent","Microwave"
"Enclos-St-Laurent","Oven"
"Enclos-St-Laurent","Dryer"
"Enclos-St-Laurent","Wifi"
"Temple","Kitchen"
"Temple","Iron"
"Temple","Coffee maker"
"Temple","Hangers"
"Temple","Smoke alarm"
"Temple","Cooking basics"
"Temple","Host greets you"
"Temple","Dedicated workspace"
"Temple","Hot water"
"Temple","Heating"
"Temple","Refrigerator"
"Temple","Long term stays allowed"
"Temple","Stove"
"Temple","Essentials"
"Temple","Dishes and silverware"
"Temple","Washer"
"Temple","Microwave"
"Temple","Wifi"
"Enclos-St-Laurent","Iron"
"Enclos-St-Laurent","Heating"
"Enclos-St-Laurent","Washer"
"Enclos-St-Laurent","Hair dryer"
"Enclos-St-Laurent","Dedicated workspace"
"Enclos-St-Laurent","Smoke alarm"
"Enclos-St-Laurent","Kitchen"
"Enclos-St-Laurent","Elevator"
"Enclos-St-Laurent","First aid kit"
"Enclos-St-Laurent","Essentials"
"Enclos-St-Laurent","Hangers"
"Enclos-St-Laurent","Long term stays allowed"
"Enclos-St-Laurent","TV"
"Enclos-St-Laurent","Iron"
"Enclos-St-Laurent","Smoke alarm"
"Enclos-St-Laurent","Breakfast"
"Enclos-St-Laurent","Long term stays allowed"
"Enclos-St-Laurent","Elevator"
"Enclos-St-Laurent","Essentials"
"Enclos-St-Laurent","Heating"
"Enclos-St-Laurent","Washer"
"Enclos-St-Laurent","Carbon monoxide alarm"
"Enclos-St-Laurent","Wifi"
"Buttes-Montmartre","Kitchen"
"Buttes-Montmartre","Iron"
"Buttes-Montmartre","Smoke alarm"
"Buttes-Montmartre","Breakfast"
"Buttes-Montmartre","Heating"
"Buttes-Montmartre","Shampoo"
"Buttes-Montmartre","Elevator"
"Buttes-Montmartre","Essentials"
"Buttes-Montmartre","Washer"
"Buttes-Montmartre","Long term stays allowed"
"Opera","Iron"
"Opera","Heating"
"Opera","Washer"
"Opera","Hair dryer"
"Opera","Smoke alarm"
"Opera","Wifi"
"Opera","Kitchen"
"Opera","Essentials"
"Opera","Long term stays allowed"
"Opera","TV"
"Passy","Shampoo"
"Passy","Heating"
"Passy","Washer"
"Passy","Hair dryer"
"Passy","Dedicated workspace"
"Passy","Smoke alarm"
"Passy","Wifi"
"Passy","Kitchen"
"Passy","Elevator"
"Passy","Essentials"
"Passy","Hangers"
"Passy","Long term stays allowed"
"Passy","TV"
"Passy","Breakfast"
"Popincourt","Heating"
"Popincourt","Iron"
"Popincourt","Essentials"
"Popincourt","Hair dryer"
"Popincourt","Smoke alarm"
"Popincourt","Wifi"
"Popincourt","Elevator"
"Popincourt","Long term stays allowed"
"Popincourt","Dedicated workspace"
"Opera","Shampoo"
"Opera","Heating"
"Opera","Washer"
"Opera","Hair dryer"
"Opera","Breakfast"
"Opera","Wifi"
"Opera","Dishes and silverware"
"Opera","Kitchen"
"Opera","Refrigerator"
"Opera","Cooking basics"
"Opera","First aid kit"
"Opera","Hot water"
"Opera","Essentials"
"Opera","Long term stays allowed"
"Opera","Bed linens"
"Opera","TV"
"Opera","Stove"
"Opera","Coffee maker"
"Opera","Microwave"
"Enclos-St-Laurent","Iron"
"Enclos-St-Laurent","Washer"
"Enclos-St-Laurent","Elevator"
"Enclos-St-Laurent","Smoke alarm"
"Enclos-St-Laurent","Wifi"
"Enclos-St-Laurent","Kitchen"
"Enclos-St-Laurent","Essentials"
"Enclos-St-Laurent","Private entrance"
"Enclos-St-Laurent","Long term stays allowed"
"Enclos-St-Laurent","Carbon monoxide alarm"
"Enclos-St-Laurent","Heating"
"Enclos-St-Laurent","Washer"
"Enclos-St-Laurent","Elevator"
"Enclos-St-Laurent","Smoke alarm"
"Enclos-St-Laurent","Cable TV"
"Enclos-St-Laurent","Kitchen"
"Enclos-St-Laurent","Essentials"
"Enclos-St-Laurent","Hangers"
"Enclos-St-Laurent","Long term stays allowed"
"Enclos-St-Laurent","TV"
"Buttes-Montmartre","Hair dryer"
"Buttes-Montmartre","Wifi"
"Buttes-Montmartre","Kitchen"
"Buttes-Montmartre","Long term stays allowed"
"Buttes-Montmartre","Essentials"
"Gobelins","Dishes and silverware"
"Gobelins","Pocket wifi"
"Gobelins","Hangers"
"Gobelins","Luggage dropoff allowed"
"Gobelins","Stove"
"Gobelins","Coffee maker"
"Gobelins","Iron"
"Gobelins","Dedicated workspace"
"Gobelins","Smoke alarm"
"Gobelins","Essentials"
"Gobelins","Bed linens"
"Gobelins","TV"
"Gobelins","Shampoo"
"Gobelins","Heating"
"Gobelins","Washer"
"Gobelins","Cable TV"
"Gobelins","Kitchen"
"Gobelins","Refrigerator"
"Gobelins","Cooking basics"
"Gobelins","Hot water"
"Gobelins","Oven"
"Gobelins","Hair dryer"
"Gobelins","Wifi"
"Gobelins","Long term stays allowed"
"Gobelins","Microwave"
"Observatoire","Iron"
"Observatoire","Washer"
"Observatoire","Hair dryer"
"Observatoire","Smoke alarm"
"Observatoire","Wifi"
"Observatoire","Kitchen"
"Observatoire","Hot water"
"Observatoire","Essentials"
"Observatoire","Hangers"
"Observatoire","Long term stays allowed"
"Observatoire","TV"
"Buttes-Montmartre","Heating"
"Buttes-Montmartre","Hair dryer"
"Buttes-Montmartre","Dedicated workspace"
"Buttes-Montmartre","Wifi"
"Buttes-Montmartre","Smoke alarm"
"Buttes-Montmartre","Kitchen"
"Buttes-Montmartre","Refrigerator"
"Buttes-Montmartre","Cooking basics"
"Buttes-Montmartre","Private entrance"
"Buttes-Montmartre","Long term stays allowed"
"Buttes-Montmartre","TV"
"Vaugirard","Shampoo"
"Vaugirard","Heating"
"Vaugirard","Washer"
"Vaugirard","Wifi"
"Vaugirard","Kitchen"
"Vaugirard","Hot water"
"Vaugirard","Essentials"
"Vaugirard","Long term stays allowed"
"Vaugirard","Breakfast"
"Buttes-Montmartre","Iron"
"Buttes-Montmartre","Shampoo"
"Buttes-Montmartre","Oven"
"Buttes-Montmartre","Patio or balcony"
"Buttes-Montmartre","Heating"
"Buttes-Montmartre","Washer"
"Buttes-Montmartre","Hair dryer"
"Buttes-Montmartre","Wifi"
"Buttes-Montmartre","Dishes and silverware"
"Buttes-Montmartre","Kitchen"
"Buttes-Montmartre","Refrigerator"
"Buttes-Montmartre","Cooking basics"
"Buttes-Montmartre","Hot water"
"Buttes-Montmartre","Essentials"
"Buttes-Montmartre","Long term stays allowed"
"Buttes-Montmartre","Host greets you"
"Buttes-Montmartre","Stove"
"Buttes-Montmartre","Coffee maker"
"Popincourt","Iron"
"Popincourt","Shampoo"
"Popincourt","Heating"
"Popincourt","Washer"
"Popincourt","Hair dryer"
"Popincourt","Dedicated workspace"
"Popincourt","Wifi"
"Popincourt","Kitchen"
"Popincourt","Essentials"
"Popincourt","Private entrance"
"Popincourt","Long term stays allowed"
"Popincourt","TV"
"Popincourt","Iron"
"Popincourt","Shampoo"
"Popincourt","Heating"
"Popincourt","Washer"
"Popincourt","Hair dryer"
"Popincourt","Dedicated workspace"
"Popincourt","Smoke alarm"
"Popincourt","Wifi"
"Popincourt","Dishes and silverware"
"Popincourt","Kitchen"
"Popincourt","First aid kit"
"Popincourt","Hot water"
"Popincourt","Essentials"
"Popincourt","Hangers"
"Popincourt","Long term stays allowed"
"Louvre","Table corner guards"
"Louvre","Outlet covers"
"Louvre","Children’s books and toys"
"Louvre","Essentials"
"Louvre","Children’s dinnerware"
"Louvre","Hangers"
"Louvre","Changing table"
"Louvre","Smoke alarm"
"Louvre","Wifi"
"Louvre","Crib"
"Louvre","Long term stays allowed"
"Louvre","Dedicated workspace"
"Louvre","High chair"
"Louvre","TV"
"Louvre","Iron"
"Louvre","Refrigerator"
"Louvre","Oven"
"Louvre","Dishes and silverware"
"Louvre","Kitchen"
"Louvre","Hair dryer"
"Louvre","Coffee maker"
"Louvre","Microwave"
"Louvre","Cooking basics"
"Louvre","Baby bath"
"Louvre","Cable TV"
"Louvre","Paid parking off premises"
"Louvre","Bread maker"
"Louvre","Bed linens"
"Louvre","Carbon monoxide alarm"
"Buttes-Montmartre","Oven"
"Buttes-Montmartre","Heating"
"Buttes-Montmartre","Hair dryer"
"Buttes-Montmartre","Extra pillows and blankets"
"Buttes-Montmartre","Smoke alarm"
"Buttes-Montmartre","Wifi"
"Buttes-Montmartre","Dishes and silverware"
"Buttes-Montmartre","Kitchen"
"Buttes-Montmartre","Cooking basics"
"Buttes-Montmartre","Refrigerator"
"Buttes-Montmartre","Hot water"
"Buttes-Montmartre","Hangers"
"Buttes-Montmartre","Essentials"
"Buttes-Montmartre","Bed linens"
"Buttes-Montmartre","Private entrance"
"Buttes-Montmartre","Long term stays allowed"
"Buttes-Montmartre","TV"
"Buttes-Montmartre","Stove"
"Menilmontant","Shampoo"
"Menilmontant","Heating"
"Menilmontant","Iron"
"Menilmontant","Kitchen"
"Menilmontant","Essentials"
"Menilmontant","Hair dryer"
"Menilmontant","Washer"
"Menilmontant","Smoke alarm"
"Menilmontant","Wifi"
"Menilmontant","Elevator"
"Menilmontant","Long term stays allowed"
"Menilmontant","Dedicated workspace"
"Opera","Shampoo"
"Opera","Heating"
"Opera","TV"
"Opera","Iron"
"Opera","Kitchen"
"Opera","Hair dryer"
"Opera","Essentials"
"Opera","Washer"
"Opera","Hangers"
"Opera","Smoke alarm"
"Opera","Wifi"
"Opera","Elevator"
"Opera","Long term stays allowed"
"Opera","Cable TV"
"Popincourt","Shampoo"
"Popincourt","Heating"
"Popincourt","TV"
"Popincourt","Iron"
"Popincourt","Kitchen"
"Popincourt","Hair dryer"
"Popincourt","Essentials"
"Popincourt","Washer"
"Popincourt","Dryer"
"Popincourt","Carbon monoxide alarm"
"Popincourt","Hangers"
"Popincourt","Smoke alarm"
"Popincourt","Wifi"
"Popincourt","Long term stays allowed"
"Popincourt","Dedicated workspace"
"Popincourt","Cable TV"
"Observatoire","Shampoo"
"Observatoire","Heating"
"Observatoire","TV"
"Observatoire","Iron"
"Observatoire","Kitchen"
"Observatoire","Essentials"
"Observatoire","Washer"
"Observatoire","Hangers"
"Observatoire","Wifi"
"Observatoire","Long term stays allowed"
"Observatoire","Dedicated workspace"
"Observatoire","Cable TV"
"Buttes-Montmartre","Dishes and silverware"
"Buttes-Montmartre","Hangers"
"Buttes-Montmartre","Luggage dropoff allowed"
"Buttes-Montmartre","Stove"
"Buttes-Montmartre","Breakfast"
"Buttes-Montmartre","Coffee maker"
"Buttes-Montmartre","Iron"
"Buttes-Montmartre","Smoke alarm"
"Buttes-Montmartre","Essentials"
"Buttes-Montmartre","Dishwasher"
"Buttes-Montmartre","Paid parking off premises"
"Buttes-Montmartre","Shampoo"
"Buttes-Montmartre","Heating"
"Buttes-Montmartre","Washer"
"Buttes-Montmartre","Kitchen"
"Buttes-Montmartre","Refrigerator"
"Buttes-Montmartre","Cooking basics"
"Buttes-Montmartre","Hot water"
"Buttes-Montmartre","Oven"
"Buttes-Montmartre","Hair dryer"
"Buttes-Montmartre","Wifi"
"Buttes-Montmartre","Long term stays allowed"
"Buttes-Montmartre","Host greets you"
"Buttes-Montmartre","Microwave"
"Vaugirard","Iron"
"Vaugirard","Washer"
"Vaugirard","Wifi"
"Vaugirard","Kitchen"
"Vaugirard","Long term stays allowed"
"Vaugirard","Hangers"
"Vaugirard","TV"
"Vaugirard","Breakfast"
"Batignolles-Monceau","Iron"
"Batignolles-Monceau","Shampoo"
"Batignolles-Monceau","Heating"
"Batignolles-Monceau","Washer"
"Batignolles-Monceau","Hair dryer"
"Batignolles-Monceau","Indoor fireplace"
"Batignolles-Monceau","Wifi"
"Batignolles-Monceau","Cable TV"
"Batignolles-Monceau","Kitchen"
"Batignolles-Monceau","Elevator"
"Batignolles-Monceau","Fire extinguisher"
"Batignolles-Monceau","Essentials"
"Batignolles-Monceau","Hangers"
"Batignolles-Monceau","Long term stays allowed"
"Batignolles-Monceau","TV"
"Batignolles-Monceau","Breakfast"
"Louvre","TV"
"Louvre","Iron"
"Louvre","First aid kit"
"Louvre","Hangers"
"Louvre","Smoke alarm"
"Louvre","Kitchen"
"Louvre","Paid parking off premises"
"Louvre","Host greets you"
"Louvre","Fire extinguisher"
"Louvre","Private entrance"
"Louvre","Hot water"
"Louvre","Long term stays allowed"
"Louvre","Elevator"
"Louvre","Essentials"
"Louvre","Washer"
"Louvre","Dryer"
"Louvre","Wifi"
"Louvre","Luggage dropoff allowed"
"Reuilly","Iron"
"Reuilly","Shampoo"
"Reuilly","Washer"
"Reuilly","Hair dryer"
"Reuilly","Elevator"
"Reuilly","Smoke alarm"
"Reuilly","Wifi"
"Reuilly","Kitchen"
"Reuilly","Essentials"
"Reuilly","Long term stays allowed"
"Reuilly","TV"
"Reuilly","Breakfast"
"Menilmontant","Heating"
"Menilmontant","Wifi"
"Menilmontant","Smoke alarm"
"Menilmontant","Kitchen"
"Menilmontant","Essentials"
"Menilmontant","Hangers"
"Menilmontant","Private entrance"
"Menilmontant","Long term stays allowed"
"Menilmontant","Breakfast"
"Buttes-Montmartre","Dishes and silverware"
"Buttes-Montmartre","Hangers"
"Buttes-Montmartre","Stove"
"Buttes-Montmartre","Coffee maker"
"Buttes-Montmartre","Iron"
"Buttes-Montmartre","Dedicated workspace"
"Buttes-Montmartre","Smoke alarm"
"Buttes-Montmartre","Essentials"
"Buttes-Montmartre","TV"
"Buttes-Montmartre","Shampoo"
"Buttes-Montmartre","Heating"
"Buttes-Montmartre","Washer"
"Buttes-Montmartre","Kitchen"
"Buttes-Montmartre","Refrigerator"
"Buttes-Montmartre","Cooking basics"
"Buttes-Montmartre","Free street parking"
"Buttes-Montmartre","Hot water"
"Buttes-Montmartre","Oven"
"Buttes-Montmartre","Hair dryer"
"Buttes-Montmartre","Wifi"
"Buttes-Montmartre","Long term stays allowed"
"Buttes-Montmartre","Microwave"
"Buttes-Montmartre","Heating"
"Buttes-Montmartre","Washer"
"Buttes-Montmartre","Hair dryer"
"Buttes-Montmartre","Dedicated workspace"
"Buttes-Montmartre","Wifi"
"Buttes-Montmartre","Kitchen"
"Buttes-Montmartre","Hot water"
"Buttes-Montmartre","Essentials"
"Buttes-Montmartre","Long term stays allowed"
"Enclos-St-Laurent","Elevator"
"Enclos-St-Laurent","Dishes and silverware"
"Enclos-St-Laurent","Hangers"
"Enclos-St-Laurent","Stove"
"Enclos-St-Laurent","Coffee maker"
"Enclos-St-Laurent","Iron"
"Enclos-St-Laurent","Dryer"
"Enclos-St-Laurent","Dedicated workspace"
"Enclos-St-Laurent","Smoke alarm"
"Enclos-St-Laurent","Essentials"
"Enclos-St-Laurent","Dishwasher"
"Enclos-St-Laurent","TV"
"Enclos-St-Laurent","Shampoo"
"Enclos-St-Laurent","Lockbox"
"Enclos-St-Laurent","Heating"
"Enclos-St-Laurent","Washer"
"Enclos-St-Laurent","Kitchen"
"Enclos-St-Laurent","Refrigerator"
"Enclos-St-Laurent","Cooking basics"
"Enclos-St-Laurent","Hot water"
"Enclos-St-Laurent","Oven"
"Enclos-St-Laurent","Hair dryer"
"Enclos-St-Laurent","Wifi"
"Enclos-St-Laurent","Long term stays allowed"
"Enclos-St-Laurent","Microwave"
"Palais-Bourbon","Shampoo"
"Palais-Bourbon","Heating"
"Palais-Bourbon","Washer"
"Palais-Bourbon","Hair dryer"
"Palais-Bourbon","Dryer"
"Palais-Bourbon","Smoke alarm"
"Palais-Bourbon","Wifi"
"Palais-Bourbon","Kitchen"
"Palais-Bourbon","Essentials"
"Palais-Bourbon","Hangers"
"Palais-Bourbon","Long term stays allowed"
"Palais-Bourbon","TV"
"Buttes-Montmartre","Iron"
"Buttes-Montmartre","Shampoo"
"Buttes-Montmartre","Heating"
"Buttes-Montmartre","Washer"
"Buttes-Montmartre","Hair dryer"
"Buttes-Montmartre","Dedicated workspace"
"Buttes-Montmartre","Smoke alarm"
"Buttes-Montmartre","Wifi"
"Buttes-Montmartre","Dishes and silverware"
"Buttes-Montmartre","Kitchen"
"Buttes-Montmartre","Breakfast"
"Buttes-Montmartre","Hot water"
"Buttes-Montmartre","Essentials"
"Buttes-Montmartre","Hangers"
"Buttes-Montmartre","Long term stays allowed"
"Buttes-Montmartre","Dishwasher"
"Buttes-Montmartre","TV"
"Buttes-Montmartre","Stove"
"Buttes-Montmartre","Coffee maker"
"Batignolles-Monceau","Shampoo"
"Batignolles-Monceau","Iron"
"Batignolles-Monceau","Heating"
"Batignolles-Monceau","Hair dryer"
"Batignolles-Monceau","Extra pillows and blankets"
"Batignolles-Monceau","Smoke alarm"
"Batignolles-Monceau","Dedicated workspace"
"Batignolles-Monceau","Kitchen"
"Batignolles-Monceau","Hot water"
"Batignolles-Monceau","Hangers"
"Batignolles-Monceau","Essentials"
"Batignolles-Monceau","Bed linens"
"Batignolles-Monceau","Long term stays allowed"
"Buttes-Montmartre","TV"
"Buttes-Montmartre","Kitchen"
"Buttes-Montmartre","Essentials"
"Buttes-Montmartre","Washer"
"Buttes-Montmartre","Wifi"
"Buttes-Montmartre","Elevator"
"Buttes-Montmartre","Long term stays allowed"
"Buttes-Montmartre","Cable TV"
"Gobelins","Heating"
"Gobelins","Kitchen"
"Gobelins","Smoke alarm"
"Gobelins","Elevator"
"Gobelins","Long term stays allowed"
"Vaugirard","Kitchen"
"Vaugirard","Essentials"
"Vaugirard","Washer"
"Vaugirard","Smoke alarm"
"Vaugirard","Wifi"
"Vaugirard","Elevator"
"Vaugirard","Long term stays allowed"
"Vaugirard","Shampoo"
"Vaugirard","Heating"
"Vaugirard","TV"
"Vaugirard","Kitchen"
"Vaugirard","Essentials"
"Vaugirard","Washer"
"Vaugirard","Wifi"
"Vaugirard","Long term stays allowed"
"Reuilly","First aid kit"
"Reuilly","Heating"
"Reuilly","Kitchen"
"Reuilly","Washer"
"Reuilly","Wifi"
"Reuilly","Fire extinguisher"
"Reuilly","Long term stays allowed"
"Reuilly","Cable TV"
"Popincourt","Patio or balcony"
"Popincourt","Outlet covers"
"Popincourt","Children’s books and toys"
"Popincourt","Essentials"
"Popincourt","Children’s dinnerware"
"Popincourt","Stove"
"Popincourt","Hot water"
"Popincourt","Hangers"
"Popincourt","Changing table"
"Popincourt","Smoke alarm"
"Popincourt","Wifi"
"Popincourt","Luggage dropoff allowed"
"Popincourt","Crib"
"Popincourt","Long term stays allowed"
"Popincourt","High chair"
"Popincourt","Dedicated workspace"
"Popincourt","Host greets you"
"Popincourt","Iron"
"Popincourt","Refrigerator"
"Popincourt","Oven"
"Popincourt","Dishes and silverware"
"Popincourt","First aid kit"
"Popincourt","Heating"
"Popincourt","Kitchen"
"Popincourt","Hair dryer"
"Popincourt","Coffee maker"
"Popincourt","Washer"
"Popincourt","Breakfast"
"Popincourt","Microwave"
"Popincourt","Cooking basics"
"Popincourt","Shampoo"
"Popincourt","Extra pillows and blankets"
"Popincourt","Babysitter recommendations"
"Popincourt","Bed linens"
"Popincourt","Carbon monoxide alarm"
"Popincourt","Elevator"
"Buttes-Montmartre","Shampoo"
"Buttes-Montmartre","Heating"
"Buttes-Montmartre","Kitchen"
"Buttes-Montmartre","Essentials"
"Buttes-Montmartre","Washer"
"Buttes-Montmartre","Smoke alarm"
"Buttes-Montmartre","Wifi"
"Buttes-Montmartre","Long term stays allowed"
"Enclos-St-Laurent","Shampoo"
"Enclos-St-Laurent","Heating"
"Enclos-St-Laurent","TV"
"Enclos-St-Laurent","Kitchen"
"Enclos-St-Laurent","Essentials"
"Enclos-St-Laurent","Wifi"
"Enclos-St-Laurent","Long term stays allowed"
"Temple","Shampoo"
"Temple","Heating"
"Temple","TV"
"Temple","Iron"
"Temple","Kitchen"
"Temple","Hair dryer"
"Temple","Essentials"
"Temple","Washer"
"Temple","Hangers"
"Temple","Smoke alarm"
"Temple","Wifi"
"Temple","Long term stays allowed"
"Temple","Dedicated workspace"
"Temple","Cable TV"
"Reuilly","Heating"
"Reuilly","Kitchen"
"Reuilly","Essentials"
"Reuilly","Wifi"
"Reuilly","Long term stays allowed"
"Temple","Dishwasher"
"Temple","Essentials"
"Temple","Smoke alarm"
"Temple","Wifi"
"Temple","Long term stays allowed"
"Temple","TV"
"Temple","Indoor fireplace"
"Temple","Dryer"
"Temple","Refrigerator"
"Temple","Oven"
"Temple","Dishes and silverware"
"Temple","Heating"
"Temple","Kitchen"
"Temple","Coffee maker"
"Temple","Washer"
"Temple","Microwave"
"Temple","Cooking basics"
"Temple","Fire extinguisher"
"Temple","Cable TV"
"Temple","Shampoo"
"Temple","Carbon monoxide alarm"
"Elysee","Heating"
"Elysee","TV"
"Elysee","Kitchen"
"Elysee","Essentials"
"Elysee","Washer"
"Elysee","Smoke alarm"
"Elysee","Wifi"
"Elysee","Elevator"
"Elysee","Long term stays allowed"
"Elysee","Cable TV"
"Opera","Shampoo"
"Opera","Heating"
"Opera","TV"
"Opera","Kitchen"
"Opera","Essentials"
"Opera","Washer"
"Opera","Smoke alarm"
"Opera","Wifi"
"Opera","Elevator"
"Opera","Long term stays allowed"
"Opera","Cable TV"
"Buttes-Montmartre","Shampoo"
"Buttes-Montmartre","Hot tub"
"Buttes-Montmartre","Heating"
"Buttes-Montmartre","TV"
"Buttes-Montmartre","Iron"
"Buttes-Montmartre","Kitchen"
"Buttes-Montmartre","Hair dryer"
"Buttes-Montmartre","Essentials"
"Buttes-Montmartre","Washer"
"Buttes-Montmartre","Hangers"
"Buttes-Montmartre","Wifi"
"Buttes-Montmartre","Elevator"
"Buttes-Montmartre","Long term stays allowed"
"Buttes-Montmartre","Cable TV"
"Batignolles-Monceau","Shampoo"
"Batignolles-Monceau","Heating"
"Batignolles-Monceau","TV"
"Batignolles-Monceau","Iron"
"Batignolles-Monceau","Kitchen"
"Batignolles-Monceau","Essentials"
"Batignolles-Monceau","Washer"
"Batignolles-Monceau","Carbon monoxide alarm"
"Batignolles-Monceau","Hangers"
"Batignolles-Monceau","Smoke alarm"
"Batignolles-Monceau","Wifi"
"Batignolles-Monceau","Elevator"
"Batignolles-Monceau","Long term stays allowed"
"Batignolles-Monceau","Dedicated workspace"
"Batignolles-Monceau","Cable TV"
"Batignolles-Monceau","Shampoo"
"Batignolles-Monceau","TV"
"Batignolles-Monceau","Kitchen"
"Batignolles-Monceau","Wifi"
"Batignolles-Monceau","Elevator"
"Batignolles-Monceau","Long term stays allowed"
"Palais-Bourbon","Heating"
"Palais-Bourbon","Kitchen"
"Palais-Bourbon","Washer"
"Palais-Bourbon","Long term stays allowed"
"Palais-Bourbon","Cable TV"
"Vaugirard","Shampoo"
"Vaugirard","First aid kit"
"Vaugirard","Heating"
"Vaugirard","TV"
"Vaugirard","Kitchen"
"Vaugirard","Essentials"
"Vaugirard","Washer"
"Vaugirard","Dryer"
"Vaugirard","Elevator"
"Vaugirard","Smoke alarm"
"Vaugirard","Wifi"
"Vaugirard","Fire extinguisher"
"Vaugirard","Long term stays allowed"
"Vaugirard","Cable TV"
"Passy","Shampoo"
"Passy","First aid kit"
"Passy","Hot tub"
"Passy","Heating"
"Passy","Indoor fireplace"
"Passy","Kitchen"
"Passy","Essentials"
"Passy","Washer"
"Passy","Dryer"
"Passy","Smoke alarm"
"Passy","Wifi"
"Passy","Long term stays allowed"
"Passy","Cable TV"
"Buttes-Montmartre","Shampoo"
"Buttes-Montmartre","Heating"
"Buttes-Montmartre","Iron"
"Buttes-Montmartre","Kitchen"
"Buttes-Montmartre","Hair dryer"
"Buttes-Montmartre","Essentials"
"Buttes-Montmartre","Washer"
"Buttes-Montmartre","Dryer"
"Buttes-Montmartre","Hangers"
"Buttes-Montmartre","Wifi"
"Buttes-Montmartre","Long term stays allowed"
"Buttes-Montmartre","Dedicated workspace"
"Elysee","Shampoo"
"Elysee","Heating"
"Elysee","TV"
"Elysee","Kitchen"
"Elysee","Essentials"
"Elysee","Washer"
"Elysee","Wifi"
"Elysee","Long term stays allowed"
"Popincourt","Shampoo"
"Popincourt","Heating"
"Popincourt","TV"
"Popincourt","Iron"
"Popincourt","Kitchen"
"Popincourt","Hair dryer"
"Popincourt","Essentials"
"Popincourt","Washer"
"Popincourt","Breakfast"
"Popincourt","Hangers"
"Popincourt","Wifi"
"Popincourt","Elevator"
"Popincourt","Long term stays allowed"
"Popincourt","Dedicated workspace"
"Popincourt","Cable TV"
"Buttes-Montmartre","Shampoo"
"Buttes-Montmartre","Heating"
"Buttes-Montmartre","Iron"
"Buttes-Montmartre","Kitchen"
"Buttes-Montmartre","Essentials"
"Buttes-Montmartre","Hair dryer"
"Buttes-Montmartre","Hangers"
"Buttes-Montmartre","Wifi"
"Buttes-Montmartre","Elevator"
"Buttes-Montmartre","Long term stays allowed"
"Gobelins","Shampoo"
"Gobelins","Heating"
"Gobelins","Iron"
"Gobelins","Kitchen"
"Gobelins","Hair dryer"
"Gobelins","Essentials"
"Gobelins","Washer"
"Gobelins","Cleaning before checkout"
"Gobelins","Hot water"
"Gobelins","Smoke alarm"
"Gobelins","Wifi"
"Gobelins","Elevator"
"Gobelins","Long term stays allowed"
"Gobelins","Dedicated workspace"
"Vaugirard","Heating"
"Vaugirard","TV"
"Vaugirard","Iron"
"Vaugirard","Kitchen"
"Vaugirard","Essentials"
"Vaugirard","Hair dryer"
"Vaugirard","Hangers"
"Vaugirard","Smoke alarm"
"Vaugirard","Wifi"
"Vaugirard","Elevator"
"Vaugirard","Long term stays allowed"
"Vaugirard","Dedicated workspace"
"Batignolles-Monceau","Heating"
"Batignolles-Monceau","TV"
"Batignolles-Monceau","Iron"
"Batignolles-Monceau","Kitchen"
"Batignolles-Monceau","Essentials"
"Batignolles-Monceau","Hair dryer"
"Batignolles-Monceau","Washer"
"Batignolles-Monceau","Hangers"
"Batignolles-Monceau","Wifi"
"Batignolles-Monceau","Long term stays allowed"
"Batignolles-Monceau","Cable TV"
"Opera","Heating"
"Opera","TV"
"Opera","Iron"
"Opera","Kitchen"
"Opera","Hair dryer"
"Opera","Washer"
"Opera","Dryer"
"Opera","Smoke alarm"
"Opera","Wifi"
"Opera","Long term stays allowed"
"Temple","Shampoo"
"Temple","Heating"
"Temple","Iron"
"Temple","Kitchen"
"Temple","Essentials"
"Temple","Hair dryer"
"Temple","Hangers"
"Temple","Smoke alarm"
"Temple","Wifi"
"Temple","Long term stays allowed"
"Temple","Dedicated workspace"
"Popincourt","Heating"
"Popincourt","TV"
"Popincourt","Iron"
"Popincourt","Kitchen"
"Popincourt","Essentials"
"Popincourt","Hair dryer"
"Popincourt","Washer"
"Popincourt","Hangers"
"Popincourt","Smoke alarm"
"Popincourt","Wifi"
"Popincourt","Long term stays allowed"
"Popincourt","Dedicated workspace"
"Opera","Shampoo"
"Opera","Heating"
"Opera","TV"
"Opera","Iron"
"Opera","Kitchen"
"Opera","Essentials"
"Opera","Hangers"
"Opera","Smoke alarm"
"Opera","Wifi"
"Opera","Elevator"
"Opera","Long term stays allowed"
"Opera","Dedicated workspace"
"Buttes-Chaumont","Shampoo"
"Buttes-Chaumont","Heating"
"Buttes-Chaumont","Iron"
"Buttes-Chaumont","Kitchen"
"Buttes-Chaumont","Essentials"
"Buttes-Chaumont","Washer"
"Buttes-Chaumont","Wifi"
"Buttes-Chaumont","Elevator"
"Buttes-Chaumont","Long term stays allowed"
"Buttes-Chaumont","Dedicated workspace"
"Buttes-Chaumont","Cable TV"
"Popincourt","First aid kit"
"Popincourt","Heating"
"Popincourt","TV"
"Popincourt","Kitchen"
"Popincourt","Essentials"
"Popincourt","Hair dryer"
"Popincourt","Washer"
"Popincourt","Breakfast"
"Popincourt","Wifi"
"Popincourt","Elevator"
"Popincourt","Long term stays allowed"
"Batignolles-Monceau","TV"
"Batignolles-Monceau","Iron"
"Batignolles-Monceau","Kitchen"
"Batignolles-Monceau","Hangers"
"Batignolles-Monceau","Smoke alarm"
"Batignolles-Monceau","Breakfast"
"Batignolles-Monceau","Cable TV"
"Batignolles-Monceau","Dedicated workspace"
"Batignolles-Monceau","Heating"
"Batignolles-Monceau","Long term stays allowed"
"Batignolles-Monceau","Shampoo"
"Batignolles-Monceau","Essentials"
"Batignolles-Monceau","Wifi"
"Vaugirard","Iron"
"Vaugirard","Shampoo"
"Vaugirard","Heating"
"Vaugirard","Washer"
"Vaugirard","Hair dryer"
"Vaugirard","Dedicated workspace"
"Vaugirard","Smoke alarm"
"Vaugirard","Cable TV"
"Vaugirard","Wifi"
"Vaugirard","Kitchen"
"Vaugirard","Elevator"
"Vaugirard","Essentials"
"Vaugirard","Hangers"
"Vaugirard","Long term stays allowed"
"Vaugirard","TV"
"Buttes-Montmartre","Iron"
"Buttes-Montmartre","Shampoo"
"Buttes-Montmartre","Heating"
"Buttes-Montmartre","Washer"
"Buttes-Montmartre","Hair dryer"
"Buttes-Montmartre","Dryer"
"Buttes-Montmartre","Smoke alarm"
"Buttes-Montmartre","Wifi"
"Buttes-Montmartre","Dedicated workspace"
"Buttes-Montmartre","Kitchen"
"Buttes-Montmartre","Essentials"
"Buttes-Montmartre","Hangers"
"Buttes-Montmartre","Long term stays allowed"
"Buttes-Montmartre","TV"
"Buttes-Chaumont","Shampoo"
"Buttes-Chaumont","Heating"
"Buttes-Chaumont","Washer"
"Buttes-Chaumont","Dryer"
"Buttes-Chaumont","Dedicated workspace"
"Buttes-Chaumont","Smoke alarm"
"Buttes-Chaumont","Wifi"
"Buttes-Chaumont","Kitchen"
"Buttes-Chaumont","Elevator"
"Buttes-Chaumont","Essentials"
"Buttes-Chaumont","Hangers"
"Buttes-Chaumont","Long term stays allowed"
"Buttes-Chaumont","TV"
"Buttes-Chaumont","Breakfast"
"Vaugirard","TV"
"Vaugirard","Hair dryer"
"Vaugirard","Iron"
"Vaugirard","Kitchen"
"Vaugirard","Dedicated workspace"
"Vaugirard","Heating"
"Vaugirard","Long term stays allowed"
"Vaugirard","Elevator"
"Vaugirard","Essentials"
"Vaugirard","Washer"
"Vaugirard","Wifi"
"Batignolles-Monceau","Paid parking off premises"
"Batignolles-Monceau","Iron"
"Batignolles-Monceau","Shampoo"
"Batignolles-Monceau","Heating"
"Batignolles-Monceau","Washer"
"Batignolles-Monceau","Dedicated workspace"
"Batignolles-Monceau","Wifi"
"Batignolles-Monceau","Kitchen"
"Batignolles-Monceau","Essentials"
"Batignolles-Monceau","Hot water"
"Batignolles-Monceau","Long term stays allowed"
"Batignolles-Monceau","Hangers"
"Batignolles-Monceau","Luggage dropoff allowed"
"Temple","Iron"
"Temple","Heating"
"Temple","Hair dryer"
"Temple","Smoke alarm"
"Temple","Wifi"
"Temple","Essentials"
"Temple","Hangers"
"Temple","Long term stays allowed"
"Temple","TV"
"Temple","Breakfast"
"Buttes-Montmartre","Kitchen"
"Buttes-Montmartre","Hangers"
"Buttes-Montmartre","Bed linens"
"Buttes-Montmartre","Oven"
"Buttes-Montmartre","Long term stays allowed"
"Buttes-Montmartre","Lockbox"
"Buttes-Montmartre","Iron"
"Buttes-Montmartre","Paid parking off premises"
"Buttes-Montmartre","Smoke alarm"
"Buttes-Montmartre","Dedicated workspace"
"Buttes-Montmartre","Hot water"
"Buttes-Montmartre","Refrigerator"
"Buttes-Montmartre","Elevator"
"Buttes-Montmartre","Stove"
"Buttes-Montmartre","Essentials"
"Buttes-Montmartre","Extra pillows and blankets"
"Buttes-Montmartre","Dishwasher"
"Buttes-Montmartre","Washer"
"Buttes-Montmartre","Hair dryer"
"Buttes-Montmartre","Shampoo"
"Buttes-Montmartre","Heating"
"Buttes-Montmartre","Wifi"
"Louvre","Iron"
"Louvre","Heating"
"Louvre","Washer"
"Louvre","Hair dryer"
"Louvre","Smoke alarm"
"Louvre","Wifi"
"Louvre","Kitchen"
"Louvre","Essentials"
"Louvre","Hangers"
"Louvre","Long term stays allowed"
"Louvre","TV"
"Vaugirard","Shampoo"
"Vaugirard","Heating"
"Vaugirard","Elevator"
"Vaugirard","Hair dryer"
"Vaugirard","Smoke alarm"
"Vaugirard","Wifi"
"Vaugirard","Kitchen"
"Vaugirard","Essentials"
"Vaugirard","Hangers"
"Vaugirard","Long term stays allowed"
"Popincourt","Iron"
"Popincourt","Shampoo"
"Popincourt","Heating"
"Popincourt","Washer"
"Popincourt","Hair dryer"
"Popincourt","Dedicated workspace"
"Popincourt","Smoke alarm"
"Popincourt","Wifi"
"Popincourt","Kitchen"
"Popincourt","Essentials"
"Popincourt","Private entrance"
"Popincourt","Long term stays allowed"
"Popincourt","TV"
"Menilmontant","Oven"
"Menilmontant","Hot water kettle"
"Menilmontant","Hair dryer"
"Menilmontant","Breakfast"
"Menilmontant","Smoke alarm"
"Menilmontant","Wifi"
"Menilmontant","Kitchen"
"Menilmontant","Refrigerator"
"Menilmontant","Cooking basics"
"Menilmontant","Dishes and silverware"
"Menilmontant","Fire extinguisher"
"Menilmontant","Essentials"
"Menilmontant","Hangers"
"Menilmontant","Long term stays allowed"
"Menilmontant","Dishwasher"
"Menilmontant","TV"
"Menilmontant","Coffee maker"
"Menilmontant","Microwave"
"Buttes-Montmartre","Iron"
"Buttes-Montmartre","Shampoo"
"Buttes-Montmartre","Heating"
"Buttes-Montmartre","Washer"
"Buttes-Montmartre","Hair dryer"
"Buttes-Montmartre","Smoke alarm"
"Buttes-Montmartre","Wifi"
"Buttes-Montmartre","Kitchen"
"Buttes-Montmartre","Essentials"
"Buttes-Montmartre","Hangers"
"Buttes-Montmartre","Long term stays allowed"
"Buttes-Montmartre","TV"
"Buttes-Montmartre","Breakfast"
"Vaugirard","Heating"
"Vaugirard","Washer"
"Vaugirard","Smoke alarm"
"Vaugirard","Wifi"
"Vaugirard","Kitchen"
"Vaugirard","Essentials"
"Vaugirard","Hangers"
"Vaugirard","Long term stays allowed"
"Vaugirard","TV"
"Buttes-Montmartre","Iron"
"Buttes-Montmartre","Oven"
"Buttes-Montmartre","Heating"
"Buttes-Montmartre","Washer"
"Buttes-Montmartre","Smoke alarm"
"Buttes-Montmartre","Wifi"
"Buttes-Montmartre","Kitchen"
"Buttes-Montmartre","Refrigerator"
"Buttes-Montmartre","Cooking basics"
"Buttes-Montmartre","Dishes and silverware"
"Buttes-Montmartre","Hot water"
"Buttes-Montmartre","Hangers"
"Buttes-Montmartre","Essentials"
"Buttes-Montmartre","Bed linens"
"Buttes-Montmartre","Long term stays allowed"
"Buttes-Montmartre","Host greets you"
"Buttes-Montmartre","TV"
"Buttes-Montmartre","Stove"
"Passy","Pocket wifi"
"Passy","Essentials"
"Passy","Hot water"
"Passy","Hangers"
"Passy","Smoke alarm"
"Passy","Wifi"
"Passy","Long term stays allowed"
"Passy","Dedicated workspace"
"Passy","TV"
"Passy","Iron"
"Passy","Dryer"
"Passy","Refrigerator"
"Passy","Dishes and silverware"
"Passy","Heating"
"Passy","Kitchen"
"Passy","Hair dryer"
"Passy","Coffee maker"
"Passy","Washer"
"Passy","Microwave"
"Passy","Cooking basics"
"Passy","Paid parking off premises"
"Passy","Shampoo"
"Passy","Extra pillows and blankets"
"Passy","Bed linens"
"Popincourt","Shampoo"
"Popincourt","Washer"
"Popincourt","Kitchen"
"Popincourt","Essentials"
"Popincourt","Hangers"
"Popincourt","Long term stays allowed"
"Popincourt","TV"
"Luxembourg","Iron"
"Luxembourg","Heating"
"Luxembourg","Washer"
"Luxembourg","Smoke alarm"
"Luxembourg","Wifi"
"Luxembourg","Kitchen"
"Luxembourg","Essentials"
"Luxembourg","Hangers"
"Luxembourg","Long term stays allowed"
"Luxembourg","TV"
"Buttes-Montmartre","Heating"
"Buttes-Montmartre","Washer"
"Buttes-Montmartre","Wifi"
"Buttes-Montmartre","Kitchen"
"Buttes-Montmartre","Smoke alarm"
"Buttes-Montmartre","Essentials"
"Buttes-Montmartre","Long term stays allowed"
"Bourse","Shampoo"
"Bourse","Elevator"
"Bourse","Hair dryer"
"Bourse","Dedicated workspace"
"Bourse","Smoke alarm"
"Bourse","Wifi"
"Bourse","Kitchen"
"Bourse","First aid kit"
"Bourse","Essentials"
"Bourse","Hangers"
"Bourse","Long term stays allowed"
"Bourse","Building staff"
"Bourse","Luggage dropoff allowed"
"Vaugirard","Kitchen"
"Vaugirard","Hair dryer"
"Vaugirard","Hangers"
"Vaugirard","Smoke alarm"
"Vaugirard","Dedicated workspace"
"Vaugirard","Essentials"
"Vaugirard","Long term stays allowed"
"Observatoire","Shampoo"
"Observatoire","Iron"
"Observatoire","Heating"
"Observatoire","Washer"
"Observatoire","Hair dryer"
"Observatoire","Elevator"
"Observatoire","Smoke alarm"
"Observatoire","Wifi"
"Observatoire","Kitchen"
"Observatoire","Essentials"
"Observatoire","Hangers"
"Observatoire","Long term stays allowed"
"Observatoire","TV"
"Opera","Heating"
"Opera","TV"
"Opera","Kitchen"
"Opera","Essentials"
"Opera","Hair dryer"
"Opera","Washer"
"Opera","Smoke alarm"
"Opera","Wifi"
"Opera","Elevator"
"Opera","Long term stays allowed"
"Batignolles-Monceau","Dishes and silverware"
"Batignolles-Monceau","Hangers"
"Batignolles-Monceau","Stove"
"Batignolles-Monceau","Coffee maker"
"Batignolles-Monceau","Iron"
"Batignolles-Monceau","Dedicated workspace"
"Batignolles-Monceau","Smoke alarm"
"Batignolles-Monceau","First aid kit"
"Batignolles-Monceau","Essentials"
"Batignolles-Monceau","TV"
"Batignolles-Monceau","Shampoo"
"Batignolles-Monceau","Heating"
"Batignolles-Monceau","Washer"
"Batignolles-Monceau","Kitchen"
"Batignolles-Monceau","Refrigerator"
"Batignolles-Monceau","Cooking basics"
"Batignolles-Monceau","Hot water"
"Batignolles-Monceau","Oven"
"Batignolles-Monceau","Hair dryer"
"Batignolles-Monceau","Wifi"
"Batignolles-Monceau","Cleaning before checkout"
"Batignolles-Monceau","Host greets you"
"Batignolles-Monceau","Long term stays allowed"
"Popincourt","Iron"
"Popincourt","Shampoo"
"Popincourt","Heating"
"Popincourt","Washer"
"Popincourt","Hair dryer"
"Popincourt","Dedicated workspace"
"Popincourt","Smoke alarm"
"Popincourt","Wifi"
"Popincourt","Kitchen"
"Popincourt","Hot water"
"Popincourt","Hangers"
"Popincourt","Essentials"
"Popincourt","Air conditioning"
"Popincourt","Long term stays allowed"
"Enclos-St-Laurent","Heating"
"Enclos-St-Laurent","Washer"
"Enclos-St-Laurent","Hair dryer"
"Enclos-St-Laurent","Smoke alarm"
"Enclos-St-Laurent","Wifi"
"Enclos-St-Laurent","Kitchen"
"Enclos-St-Laurent","Long term stays allowed"
"Enclos-St-Laurent","TV"
"Vaugirard","Iron"
"Vaugirard","Ethernet connection"
"Vaugirard","Shampoo"
"Vaugirard","Heating"
"Vaugirard","Elevator"
"Vaugirard","Dedicated workspace"
"Vaugirard","Hair dryer"
"Vaugirard","Smoke alarm"
"Vaugirard","Kitchen"
"Vaugirard","Essentials"
"Vaugirard","Long term stays allowed"
"Vaugirard","Hangers"
"Vaugirard","TV"
"Gobelins","Essentials"
"Gobelins","Stove"
"Gobelins","Hot water"
"Gobelins","Hangers"
"Gobelins","Smoke alarm"
"Gobelins","Wifi"
"Gobelins","Luggage dropoff allowed"
"Gobelins","Long term stays allowed"
"Gobelins","Dedicated workspace"
"Gobelins","TV"
"Gobelins","Iron"
"Gobelins","Refrigerator"
"Gobelins","Dishes and silverware"
"Gobelins","Heating"
"Gobelins","Kitchen"
"Gobelins","Hair dryer"
"Gobelins","Washer"
"Gobelins","Microwave"
"Gobelins","Cooking basics"
"Gobelins","Cable TV"
"Gobelins","Single level home"
"Gobelins","Extra pillows and blankets"
"Gobelins","Bed linens"
"Gobelins","Cleaning before checkout"
"Reuilly","Elevator"
"Reuilly","Dishes and silverware"
"Reuilly","Hangers"
"Reuilly","Coffee maker"
"Reuilly","Carbon monoxide alarm"
"Reuilly","Dryer"
"Reuilly","Dedicated workspace"
"Reuilly","Smoke alarm"
"Reuilly","Essentials"
"Reuilly","Bed linens"
"Reuilly","TV"
"Reuilly","Shampoo"
"Reuilly","Heating"
"Reuilly","Washer"
"Reuilly","Kitchen"
"Reuilly","Refrigerator"
"Reuilly","Hot water"
"Reuilly","Oven"
"Reuilly","Wifi"
"Reuilly","Long term stays allowed"
"Reuilly","Microwave"
"Popincourt","Dishes and silverware"
"Popincourt","Hangers"
"Popincourt","Coffee maker"
"Popincourt","Carbon monoxide alarm"
"Popincourt","Iron"
"Popincourt","Dedicated workspace"
"Popincourt","Smoke alarm"
"Popincourt","Essentials"
"Popincourt","Bed linens"
"Popincourt","TV"
"Popincourt","Shampoo"
"Popincourt","Heating"
"Popincourt","Washer"
"Popincourt","Kitchen"
"Popincourt","Refrigerator"
"Popincourt","Hot water"
"Popincourt","Building staff"
"Popincourt","Oven"
"Popincourt","Hair dryer"
"Popincourt","Wifi"
"Popincourt","Long term stays allowed"
"Popincourt","Microwave"
"Buttes-Chaumont","Shampoo"
"Buttes-Chaumont","Heating"
"Buttes-Chaumont","Washer"
"Buttes-Chaumont","Wifi"
"Buttes-Chaumont","Kitchen"
"Buttes-Chaumont","Dishes and silverware"
"Buttes-Chaumont","Cooking basics"
"Buttes-Chaumont","Hot water"
"Buttes-Chaumont","Essentials"
"Buttes-Chaumont","Long term stays allowed"
"Buttes-Chaumont","TV"
"Buttes-Montmartre","Heating"
"Buttes-Montmartre","Washer"
"Buttes-Montmartre","Wifi"
"Buttes-Montmartre","Kitchen"
"Buttes-Montmartre","Hot water"
"Buttes-Montmartre","Essentials"
"Buttes-Montmartre","Long term stays allowed"
"Buttes-Montmartre","TV"
"Vaugirard","Heating"
"Vaugirard","TV"
"Vaugirard","Iron"
"Vaugirard","Indoor fireplace"
"Vaugirard","Essentials"
"Vaugirard","Hot water"
"Vaugirard","Wifi"
"Vaugirard","Dishes and silverware"
"Vaugirard","Long term stays allowed"
"Vaugirard","Dedicated workspace"
"Observatoire","Shampoo"
"Observatoire","Heating"
"Observatoire","Washer"
"Observatoire","Hair dryer"
"Observatoire","Dedicated workspace"
"Observatoire","Smoke alarm"
"Observatoire","Wifi"
"Observatoire","Kitchen"
"Observatoire","Breakfast"
"Observatoire","Hot water"
"Observatoire","Essentials"
"Observatoire","Long term stays allowed"
"Observatoire","Carbon monoxide alarm"
"Buttes-Chaumont","Dishes and silverware"
"Buttes-Chaumont","Hangers"
"Buttes-Chaumont","Stove"
"Buttes-Chaumont","Coffee maker"
"Buttes-Chaumont","Iron"
"Buttes-Chaumont","Dryer"
"Buttes-Chaumont","Dedicated workspace"
"Buttes-Chaumont","Essentials"
"Buttes-Chaumont","Bed linens"
"Buttes-Chaumont","TV"
"Buttes-Chaumont","Shampoo"
"Buttes-Chaumont","Heating"
"Buttes-Chaumont","Washer"
"Buttes-Chaumont","Extra pillows and blankets"
"Buttes-Chaumont","Kitchen"
"Buttes-Chaumont","Refrigerator"
"Buttes-Chaumont","Cooking basics"
"Buttes-Chaumont","Hot water"
"Buttes-Chaumont","Hair dryer"
"Buttes-Chaumont","Wifi"
"Buttes-Chaumont","Long term stays allowed"
"Buttes-Chaumont","Microwave"
"Popincourt","Shampoo"
"Popincourt","Heating"
"Popincourt","Washer"
"Popincourt","Hair dryer"
"Popincourt","Dryer"
"Popincourt","Smoke alarm"
"Popincourt","Wifi"
"Popincourt","Kitchen"
"Popincourt","Essentials"
"Popincourt","Hangers"
"Popincourt","Private entrance"
"Popincourt","Long term stays allowed"
"Popincourt","TV"
"Palais-Bourbon","Patio or balcony"
"Palais-Bourbon","High chair"
"Palais-Bourbon","Bathtub"
"Palais-Bourbon","Dishes and silverware"
"Palais-Bourbon","Hangers"
"Palais-Bourbon","Changing table"
"Palais-Bourbon","Coffee maker"
"Palais-Bourbon","Iron"
"Palais-Bourbon","Dedicated workspace"
"Palais-Bourbon","Essentials"
"Palais-Bourbon","Private entrance"
"Palais-Bourbon","Baby bath"
"Palais-Bourbon","Bed linens"
"Palais-Bourbon","Dishwasher"
"Palais-Bourbon","TV"
"Palais-Bourbon","Crib"
"Palais-Bourbon","Heating"
"Palais-Bourbon","Washer"
"Palais-Bourbon","Kitchen"
"Palais-Bourbon","Refrigerator"
"Palais-Bourbon","Cooking basics"
"Palais-Bourbon","Free street parking"
"Palais-Bourbon","Hot water"
"Palais-Bourbon","Game console"
"Palais-Bourbon","Oven"
"Palais-Bourbon","Hair dryer"
"Palais-Bourbon","Wifi"
"Palais-Bourbon","Long term stays allowed"
"Palais-Bourbon","Children’s dinnerware"
"Palais-Bourbon","Microwave"
